{"cameraMode":{"drawMode":0,"name":"Shaded","section":"Shading Mode"},"sceneLighting":true,"audioPlay":false,"sceneViewState":{"showFog":true,"showMaterialUpdate":false,"showSkybox":true,"showFlares":true,"showImageEffects":true,"showParticleSystems":true},"in2DMode":false,"pivot":{"x":2.791822671890259,"y":-2.805978298187256,"z":90.16776275634766},"rotation":{"x":0.08277470618486405,"y":-0.6441950798034668,"z":0.0704297199845314,"w":0.7571002244949341},"size":117.55413055419922,"orthographic":true}