{"cameraMode":{"drawMode":0,"name":"Shaded","section":"Shading Mode"},"sceneLighting":false,"audioPlay":false,"sceneViewState":{"showFog":true,"showMaterialUpdate":false,"showSkybox":false,"showFlares":true,"showImageEffects":true,"showParticleSystems":true},"in2DMode":false,"pivot":{"x":2.490081787109375,"y":-0.2760467529296875,"z":163.6978759765625},"rotation":{"x":0.11301378905773163,"y":-0.8540424108505249,"z":0.2084534615278244,"w":0.4630190432071686},"size":1470.29638671875,"orthographic":true}