{"cameraMode":{"drawMode":0,"name":"Shaded","section":"Shading Mode"},"sceneLighting":false,"audioPlay":false,"sceneViewState":{"showFog":true,"showMaterialUpdate":false,"showSkybox":false,"showFlares":true,"showImageEffects":true,"showParticleSystems":true},"in2DMode":false,"pivot":{"x":-5.960464477539063e-8,"y":1.834841251373291,"z":11.59167766571045},"rotation":{"x":0.1089722216129303,"y":0.17851661145687104,"z":-0.019890805706381799,"w":0.9776816368103027},"size":14.807719230651856,"orthographic":true}