{"cameraMode":{"drawMode":0,"name":"Shaded","section":"Shading Mode"},"sceneLighting":false,"audioPlay":false,"sceneViewState":{"showFog":true,"showMaterialUpdate":false,"showSkybox":false,"showFlares":true,"showImageEffects":true,"showParticleSystems":true},"in2DMode":false,"pivot":{"x":-0.27598631381988528,"y":-0.4807342290878296,"z":5.4182868003845219},"rotation":{"x":0.2960416078567505,"y":-0.2606506943702698,"z":0.08432735502719879,"w":0.915046215057373},"size":4.883077621459961,"orthographic":false}